"pid","date"
"wpi61i7z33955583506","2024-12-11_17h34.24.533"
"wpi6172z971436g3640","2024-10-23_16h28.16.242"
"wpi61733110vd258966","2024-12-01_22h53.04.435"
"wpi6173y3b374550702","2024-12-05_00h12.11.167"
"wpi61c730p668698806","2024-11-03_16h36.12.916"
"wpi61l7339482913t05","2024-12-11_15h30.42.479"
"wpi617g334u18281498","2024-12-05_12h25.47.825"
"wpi61v729990s628152","2024-10-26_21h13.06.749"
"wpi6173376y1l465318","2024-12-09_11h37.07.148"
"wpi61c731899243p416","2024-11-17_22h29.21.651"
"wpi6o1d733879690572","2024-12-10_20h33.22.136"
"wpi61732n11706z1483","2024-11-20_11h18.11.132"
"wpi617331100hb17783","2024-12-01_22h42.47.673"
"wpi6173388493v28x43","2024-12-11_02h21.32.757"
"wpi61s7297926890r26","2024-10-24_17h33.40.940"
"wpi617338t8102032o8","2024-12-10_20h53.11.135"
"wpi61733770t03c8588","2024-12-09_14h05.34.515"
"wpi617n3308449928h0","2024-12-01_15h36.55.290"
"wpi617gc32670874638","2024-11-26_20h45.09.820"
"wpi6t173k3427113063","2024-12-05_14h47.47.431"
"wpi617h3110578387b4","2024-11-08_18h02.42.691"
"wpi61732f06186998p5","2024-11-19_19h34.20.379"
"wpi617338x618132w85","2024-12-10_15h36.22.916"
"wpi617321252q35c400","2024-11-20_13h09.39.978"
"wpi6173v344849k3973","2024-12-05_20h46.54.514"
"wpi6d173397n9368828","2024-12-12_00h13.48.579"
"wpi61731p98h6309774","2024-11-18_22h35.11.496"
"wpi617v297313h20163","2024-10-23_21h13.12.143"
"wpi61i73396523t4991","2024-12-11_20h18.52.515"
"wpi61733687k3402p19","2024-12-08_15h06.20.630"
"wpi6l1733792v298275","2024-12-09_20h27.12.541"
"wpi6j17320561193z94","2024-11-20_14h16.39.657"
"wpi61732n2e95074607","2024-11-22_12h25.39.044"
"wpi6v1o731016901691","2024-11-07_17h21.49.850"
"wpi61y733962t796929","2024-12-11_19h36.41.291"
"wpi61731yu427650316","2024-11-12_11h23.42.966"
"wpi6172964653ia1639","2024-10-22_21h41.59.271"
"wpi61c73t3962767618","2024-12-11_21h03.08.659"
"wpi6p173e3404848397","2024-12-05_08h36.23.926"
"wpi617f339q34159746","2024-12-11_11h42.08.432"
"wpi61v733i955008467","2024-12-11_17h25.30.065"
"wpi61r7320512a66565","2024-11-19_16h41.18.187"
"wpi617302246zq87473","2024-10-29_14h16.44.531"
"wpi6173343z22520d13","2024-12-05_16h14.14.583"
"wpi617338709n4643h7","2024-12-10_18h08.43.233"
"wpi617z337n71914500","2024-12-09_14h39.35.670"
"wpi6173377gk2367722","2024-12-09_14h53.01.534"
"wpi6172995d42826h37","2024-10-26_11h09.35.640"
"wpi617pd30418782931","2024-10-31_20h09.17.922"
"wpi6173102fk4950044","2024-11-07_19h33.11.265"
"wpi61733866534x70k0","2024-12-10_16h55.15.566"
"wpi61d732z553804786","2024-11-25_12h14.30.148"
"wpi61732e040001i696","2024-11-19_13h30.07.684"
"wpi6y173o3868476910","2024-12-10_18h06.33.679"
"wpi617338430c619k41","2024-12-10_10h23.20.895"
"wpi61wq733864020191","2024-12-10_16h12.06.731"
"wpi6e1733y347534582","2024-12-04_16h46.41.494"
"wpi617299937o1947y5","2024-10-26_22h10.05.672"
"wpi61o72998d8194381","2024-10-26_20h39.31.088"
"wpi617t29952p498059","2024-10-26_10h43.43.925"
"wpi617305q196215x98","2024-11-02_00h08.26.474"
"wpi6p17b29773735995","2024-10-24_09h06.58.456"
"wpi6172964je1750738","2024-10-22_20h17.08.555"
"wpi6173378039p08q93","2024-12-09_17h02.39.649"
"wpi6173084465wg9125","2024-11-05_17h33.37.523"
"wpi6173152o923x6087","2024-11-13_15h47.21.515"
"wpi6q1r733262180904","2024-12-03_17h04.19.954"
"wpi617m3326052i0740","2024-12-03_16h32.13.750"
"wpi617337j6800257n0","2024-12-09_13h33.38.896"
"wpi61f730130297q771","2024-10-28_12h03.30.592"
"wpi6173o073186z1469","2024-11-04_10h13.24.456"
"wpi6173g35w09397341","2024-12-06_13h40.15.764"
"wpi61i7304e00496415","2024-10-31_15h06.37.126"
"wpi61731u428574p274","2024-11-12_11h44.53.378"
"wpi617321k3341129z9","2024-11-20_15h25.17.465"
"wpi6173038474v3d659","2024-10-31_11h00.50.829"